Time,J2000 X,J2000 Y,J2000  Z, J2000 XD, J2000 YD, J2000 ZD, J2000 AX, J2000 AY, J2000 AZ, x_ecef, y_ecef, z_ecef, xd_ecef, yd_ecef, zd_ecef
04/22/12 00:00:50,-13255291.32,7686104.575,-21479621.91,-1903.571305,-3403.711632,3.198453,0.287589,-0.166763,0.466117,7497252.774,-13336682.2,-21495981.43,2395.223088,1419.784221,0.92924
04/22/12 00:08:20,-14082144.47,6138667.398,-21430976.48,-1769.942654,-3471.28763,212.990302,0.306106,-0.133441,0.465942,8582728.221,-12711534.37,-21448320.52,2427.071628,1357.573181,210.885519
04/22/12 00:15:50,-14847033.28,4564220.559,-21288013.3,-1628.272541,-3523.700249,422.230907,0.323313,-0.099396,0.463666,9679740.925,-12115761.41,-21306265.7,2446.41501,1289.396718,420.300127
04/22/12 00:23:20,-15546474.9,2969655.692,-21051193.31,-1479.171351,-3560.658456,629.973888,0.339118,-0.064782,0.459286,10782557.54,-11551817.79,-21070273.73,2452.800894,1216.285272,628.225934
04/22/12 00:30:50,-16177270.13,1361979.441,-20721403.35,-1323.288948,-3581.9425,835.273409,0.353438,-0.02976,0.452808,11885267.06,-11021683.81,-20741227.7,2445.892946,1139.313901,833.716308
04/22/12 00:38:20,-16736520.57,-251719.099,-20299954.86,-1161.311787,-3587.405992,1037.189129,0.366194,0.005504,0.444251,12981834.12,-10526848.09,-20320435.6,2425.475258,1059.591099,1035.830069
04/22/12 00:45:50,-17221644.36,-1864301.783,-19788580.25,-993.959735,-3576.977566,1234.791245,0.377315,0.040843,0.433642,14066153.87,-10068295.03,-19809626.81,2391.455528,978.247163,1233.636532
04/22/12 00:53:20,-17630390.44,-3468615.468,-19189427.01,-821.982605,-3550.662101,1427.165559,0.38674,0.076085,0.421024,15132108.15,-9646497.761,-19210946.19,2343.866966,896.422233,1426.220586
04/22/12 01:00:50,-17960851.23,-5057526.514,-18505049.57,-646.156437,-3508.541481,1613.418555,0.394414,0.111059,0.406446,16173622.09,-9261416.403,-18526945.94,2282.868853,815.254147,1612.687769
04/22/12 01:08:20,-18211473.53,-6623955.516,-17738398.84,-467.279543,-3450.774868,1792.68243,0.400292,0.145594,0.389972,17184720.76,-8912501.852,-17760575.2,2208.745769,735.866239,1792.169306
04/22/12 01:15:50,-18381067.61,-8160912.046,-16892809.5,-286.168339,-3377.59847,1964.120033,0.404339,0.179519,0.371676,18159585.1,-8598705.043,-16915167.31,2121.905437,659.355228,1963.827052
04/22/12 01:23:20,-18468814.37,-9661529.173,-15971985.2,-103.653003,-3289.324801,2126.929671,0.406529,0.212665,0.35164,19092606.61,-8318491.609,-15994425.03,2022.875239,586.779343,2126.858309
04/22/12 01:30:50,-18474270.58,-11119097.54,-14979981.46,79.427012,-3186.341429,2280.349744,0.406847,0.244868,0.329961,19978440.13,-8069861.805,-15002403.43,1912.2974,519.146823,2280.500454
04/22/12 01:38:20,-18397371.98,-12527098.78,-13921186.68,262.227569,-3069.109202,2423.663146,0.405287,0.275967,0.30674,20812054.27,-7850375.498,-13943490.95,1790.922895,457.404929,2424.035363
04/22/12 01:45:50,-18238434.34,-13879237.94,-12800301.16,443.90451,-2938.159976,2556.201419,0.401855,0.305807,0.282091,21588778.65,-7657181.958,-12822388.37,1659.604158,402.429608,2556.793553
04/22/12 01:53:20,-17998152.43,-15169474.89,-11622314.34,623.618344,-2794.093846,2677.348591,0.396566,0.33424,0.256134,22304347.78,-7487054.134,-11644086.09,1519.286646,355.015934,2678.158036
04/22/12 02:00:50,-17677596.89,-16392054.32,-10392480.39,800.538927,-2637.57591,2786.544677,0.389446,0.361126,0.228997,22954940.8,-7336427.032,-10413839.64,1370.999383,315.86944,2787.567826
04/22/12 02:08:20,-17278208.91,-17541534.12,-9116292.236,973.850077,-2469.332587,2883.288819,0.380531,0.386332,0.200815,23537216.79,-7201439.772,-9137143.834,1215.84457,285.598442,2884.521078
04/22/12 02:15:50,-16801793,-18612812.12,-7799454.412,1142.754107,-2290.147519,2967.142008,0.369867,0.409736,0.171727,24048345.17,-7077980.861,-7819705.468,1054.98641,264.707466,2968.577824
04/22/12 02:23:20,-16250507.64,-19601150.84,-6447854.628,1306.476209,-2100.857102,3037.7294,0.35751,0.431227,0.14188,24486031.03,-6961736.161,-6467414.966,889.639252,253.591829,3039.362285
04/22/12 02:30:50,-15626854.01,-20502200.15,-5067534.482,1464.268674,-1902.345679,3094.742177,0.343524,0.450703,0.111421,24848534.85,-6848239.019,-5086317.051,721.055225,252.533458,3096.564743
04/22/12 02:38:20,-14933662.94,-21312017.69,-3664659.41,1615.414901,-1695.540439,3137.938959,0.327984,0.468074,0.080501,25134686.72,-6732922,-3682580.677,550.511498,261.697983,3139.942959
04/22/12 02:45:50,-14174079.99,-22027087.02,-2245488.112,1759.233156,-1481.406086,3167.146751,0.31097,0.483265,0.049273,25343894.64,-6611169.626,-2262468.442,379.297317,281.133127,3169.32312
04/22/12 02:53:20,-13351549.01,-22644333.18,-816341.647,1895.080073,-1260.939303,3182.26143,0.292571,0.496209,0.01789,25476147.06,-6478371.553,-832305.657,208.700979,310.768417,3184.600332
04/22/12 03:00:50,-12469794.12,-23161135.87,616427.581,2022.353843,-1035.163082,3183.247766,0.272883,0.506854,-0.013494,25532009.5,-6329975.579,601550.679,39.996897,350.416193,3185.738648
04/22/12 03:08:20,-11532800.36,-23575339.99,2046466.74,2140.497096,-805.120969,3170.139002,0.252009,0.515163,-0.04473,25512615.48,-6161539.908,2032742.838,-125.567096,399.773901,3172.770642
04/22/12 03:15:50,-10544793.11,-23885263.56,3467453.212,2248.999445,-571.871263,3143.035982,0.230053,0.521107,-0.075666,25419651.73,-5968784.106,3454943.011,-286.782058,458.427632,3145.796553
04/22/12 03:23:20,-9510216.434,-24089703.06,4873124.738,2347.399672,-336.481237,3102.105881,0.207129,0.524674,-0.106159,25255338.03,-5747638.189,4861883.492,-442.489731,525.856839,3104.983009
04/22/12 03:30:50,-8433710.519,-24187936.21,6257308.904,2435.287575,-100.021413,3047.580529,0.183351,0.525863,-0.136067,25022401.9,-5494289.339,6247386.188,-591.593674,601.44017,3050.561356
04/22/12 03:38:20,-7320088.39,-24179722.13,7613951.792,2512.305443,136.440048,2979.754374,0.158838,0.524684,-0.165252,24724048.34,-5205225.756,7605391.297,-733.069638,684.462345,2982.825617
04/22/12 03:45:50,-6174312.012,-24065299.04,8937145.635,2578.149179,371.842815,2898.982103,0.133709,0.521162,-0.193583,24363925.26,-4877277.203,8929984.992,-865.975069,774.121956,2902.130128
04/22/12 03:53:20,-5001467.981,-23845379.57,10221155.33,2632.569064,605.139663,2805.675969,0.108085,0.515331,-0.220937,23946084.7,-4507651.849,10215425.97,-989.457641,869.540122,2808.88685
04/22/12 04:00:50,-3806742.943,-23521143.71,11460443.7,2675.370186,835.301532,2700.30284,0.08209,0.507237,-0.247196,23474940.52,-4093969.044,11456170.73,-1102.762761,969.769859,2703.562428
04/22/12 04:08:20,-2595398.904,-23094229.49,12649695.34,2706.412529,1061.322331,2583.381017,0.055844,0.496937,-0.272247,22955222.95,-3634287.746,12646897.46,-1205.239966,1073.806066,2586.675007
04/22/12 04:15:50,-1372748.556,-22566721.72,13783839.04,2725.61075,1282.22347,2455.476853,0.02947,0.484495,-0.295989,22391930.48,-3127130.32,13782528.5,-1296.348171,1180.596011,2458.790851
04/22/12 04:23:20,-144130.794,-21941138.53,14858068.59,2732.933652,1497.058092,2317.201211,0.003085,0.469988,-0.318327,21790279.68,-2571501.554,14858251.14,-1375.659746,1289.050177,2320.520797
04/22/12 04:30:50,1085113.494,-21220416.29,15867861.98,2728.403387,1704.915,2169.205791,-0.023192,0.453498,-0.339175,21155653.49,-1966902.715,15869536.91,-1442.863384,1398.053369,2172.516587
04/22/12 04:38:20,2309665.191,-20407892.69,16808998.98,2712.094394,1904.922254,2012.179366,-0.049246,0.435116,-0.358453,20493548.42,-1313340.579,16812159.11,-1497.765778,1506.475945,2015.467095
04/22/12 04:45:50,3524250.206,-19507288.35,17677576.92,2684.132104,2096.250446,1846.843952,-0.074966,0.414941,-0.376093,19809521.29,-611331.405,17682208.68,-1540.292101,1613.185061,1850.094505
04/22/12 04:53:20,4723662.088,-18522686.98,18470024.77,2644.691433,2278.115642,1673.950951,-0.100243,0.393076,-0.392033,19109136.07,138100.144,18476108.31,-1570.485317,1717.055817,1677.150443
04/22/12 05:00:50,5902783.916,-17458514.35,19183115.56,2593.995094,2449.781996,1494.277284,-0.124974,0.369631,-0.406221,18397911.2,933427.042,19190624.83,-1588.504359,1816.982193,1497.412112
04/22/12 05:08:20,7056609.4,-16319516.09,19813976.93,2532.311733,2610.564037,1308.621549,-0.149058,0.344721,-0.418613,17681268.02,1772630.8,19822879.83,-1594.621212,1911.88767,1311.678448
04/22/12 05:15:50,8180263.101,-15110734.6,20360100.05,2459.953931,2759.828644,1117.80022,-0.172401,0.318463,-0.429174,16964480.79,2653217.059,20370358.59,-1589.216965,2000.73545,1120.766316
04/22/12 05:23:20,9269019.733,-13837485.07,20819346.83,2377.276083,2896.996712,922.643909,-0.19491,0.290979,-0.437876,16252628.62,3572235.668,20830917.34,-1572.776875,2082.538175,925.50677
04/22/12 05:30:50,10318322.48,-12505330.88,21189955.45,2284.672184,3021.544526,723.99371,-0.216503,0.262394,-0.4447,15550549.9,4526305.02,21202788.78,-1545.884535,2156.367073,726.741393
04/22/12 05:38:20,11323800.31,-11120058.4,21470544.27,2182.573522,3133.004855,522.697637,-0.237096,0.232834,-0.449634,14862799.51,5511640.345,21484585.99,-1509.215195,2221.360455,525.318732
04/22/12 05:45:50,12281284.21,-9687651.408,21660114.16,2071.446328,3230.967786,319.607162,-0.256617,0.202427,-0.452675,14193609.23,6524085.683,21675304.85,-1463.528341,2276.731505,322.090834
04/22/12 05:53:20,13186822.39,-8214265.1,21758049.31,1951.789365,3315.081305,115.573875,-0.274995,0.171302,-0.453825,13546851.62,7559149.181,21774324.8,-1409.659589,2321.775295,117.909905
04/22/12 06:00:50,14036694.36,-6706200.001,21764116.53,1824.131496,3385.051653,-88.553738,-0.292167,0.13959,-0.453096,12926007.71,8612041.378,21781408.21,-1348.512005,2355.874997,-86.37492
04/22/12 06:08:20,14827423.95,-5169875.684,21678463.18,1689.029232,3440.643468,-291.933393,-0.308072,0.107419,-0.450505,12334138.68,9677716.08,21696698.28,-1281.046911,2378.50724,-289.920673
04/22/12 06:15:50,15555791.15,-3611804.505,21501613.7,1547.064274,3481.679722,-493.731978,-0.322659,0.07492,-0.446074,11773861.8,10750913.46,21520715.6,-1208.274294,2389.246581,-491.893526
04/22/12 06:23:20,16218842.96,-2038565.395,21234464.8,1398.84106,3508.041493,-693.128389,-0.335879,0.042221,-0.439834,11247330.76,11826204.97,21254353.39,-1131.242881,2387.769078,-691.471639
04/22/12 06:30:50,16813902.99,-456777.803,20878279.52,1244.984321,3519.667557,-889.316253,-0.34769,0.009449,-0.43182,10756220.51,12898039.62,20898871.49,-1051.029985,2373.854944,-887.847871
04/22/12 06:38:20,17338580.13,1126924.156,20434679.92,1086.136653,3516.553834,-1081.506509,-0.358055,-0.023268,-0.422074,10301716.69,13960791.31,20455889.17,-968.731208,2347.390272,-1080.232375
04/22/12 06:45:50,17790775.98,2705917.259,19905638.8,922.956118,3498.752705,-1268.929879,-0.366943,-0.055808,-0.410642,9884509.751,15008806.67,19927376.74,-885.450072,2308.367836,-1267.855073
04/22/12 06:53:20,18168691.32,4273614.408,19293470.25,756.113863,3466.372186,-1450.839223,-0.374326,-0.088046,-0.397576,9504793.731,16036453.08,19315646.19,-802.287687,2256.88697,-1449.968002
04/22/12 07:00:50,18470831.44,5823489.46,18600819.15,586.291772,3419.57501,-1626.511772,-0.380183,-0.119862,-0.382933,9162269.622,17038166.4,18623340.67,-720.332514,2193.152542,-1625.847563
04/22/12 07:08:20,18696010.46,7349101.616,17830649.76,414.180139,3358.577581,-1795.251264,-0.384499,-0.151138,-0.366773,8856153.344,18008498.1,17853423.1,-640.650316,2117.473031,-1794.796653
04/22/12 07:15:50,18843354.58,8844119.331,16986233.28,240.475379,3283.64885,-1956.389976,-0.387262,-0.18176,-0.349163,8585188.173,18942161.28,17009163.7,-564.274375,2030.257748,-1956.1467
04/22/12 07:23:20,18912304.36,10302343.68,16071134.64,65.877758,3195.109089,-2109.290657,-0.388467,-0.211613,-0.330172,8347661.494,19834075.23,16094126.8,-492.196036,1932.013211,-2109.259603
04/22/12 07:30:50,18902615.92,11717731.16,15089198.31,-108.910846,3093.328579,-2253.348375,-0.388112,-0.240589,-0.309873,8141425.729,20679408.25,15112156.67,-425.355662,1823.338722,-2253.529575
04/22/12 07:38:20,18814361.15,13084415.89,14044533.36,-283.189163,2978.726224,-2387.992276,-0.3862,-0.268582,-0.288346,7963923.225,21473618.22,14067362.56,-364.634056,1704.921178,-2388.384911
04/22/12 07:45:50,18647927.01,14396731.16,12941497.78,-456.258726,2851.768075,-2512.687261,-0.382741,-0.295487,-0.26567,7812214.886,22212490.77,12964103.02,-310.844426,1577.529158,-2513.289665
04/22/12 07:53:20,18404013.67,15649230.31,11784682.02,-627.426047,2712.965777,-2626.935592,-0.377748,-0.321206,-0.241931,7683012.291,22892174.51,11806969.43,-264.724935,1442.006347,-2627.745257
04/22/12 08:00:50,18083631.9,16836706.87,10578891.78,-796.004783,2562.874943,-2730.278411,-0.37124,-0.345643,-0.217216,7572713.014,23509213.3,10600768.82,-226.931907,1299.264322,-2731.291997
04/22/12 08:08:20,17688099.27,17954213.96,9329130.259,-961.317882,2402.093429,-2822.297201,-0.363239,-0.368705,-0.191617,7477438.858,24060575.02,9350506.07,-198.033731,1150.274782,-2823.51055
04/22/12 08:15:50,17219035.56,18997082.91,8040579.636,-1122.699723,2231.259547,-2902.615167,-0.353772,-0.390306,-0.165228,7393076.65,24543676.8,8061365.412,-178.505517,996.061266,-2904.023313
04/22/12 08:23:20,16678357.1,19960941.04,6718582.017,-1279.498246,2051.050165,-2970.898547,-0.342874,-0.410361,-0.138146,7315321.276,24956406.4,6738691.363,-168.724538,837.690428,-2972.495738
04/22/12 08:30:50,16068270.18,20841728.57,5368619.783,-1431.077072,1862.178735,-3026.857852,-0.33058,-0.428791,-0.110471,7239720.578,25297139.57,5387969.066,-168.966502,676.262923,-3028.637566
04/22/12 08:38:20,15391263.57,21635714.63,3996295.402,-1576.817625,1665.393214,-3070.249032,-0.316934,-0.445522,-0.082305,7161721.735,25564753.25,4014804.096,-179.402688,512.903988,-3072.204004
04/22/12 08:45:50,14650099.97,22339512.24,2607310.739,-1716.121238,1461.473877,-3100.874564,-0.30198,-0.460486,-0.053753,7076718.733,25758634.45,2624901.748,-200.097967,348.753778,-3102.996806
04/22/12 08:53:20,13847806.62,22950092.45,1207445.883,-1848.411259,1251.231033,-3118.584457,-0.285771,-0.473617,-0.02492,6980100.528,25878684.77,1224045.863,-231.009735,184.957532,-3120.865286
04/22/12 09:00:50,12987664.89,23464797.21,-197462.448,-1973.135148,1035.50262,-3123.277165,-0.268362,-0.484857,0.004083,6867299.471,25925320.46,-181922.782,-271.987777,22.655652,-3125.707236
04/22/12 09:08:20,12073199,23881351.32,-1601542.896,-2089.766559,815.151676,-3114.90041,-0.249815,-0.494153,0.033148,6733839.59,25899467.99,-1587128.482,-322.775069,-137.026244,-3117.469746
04/22/12 09:15:50,11108163.72,24197873.07,-2998911.801,-2197.807414,591.063696,-3093.451898,-0.230193,-0.501458,0.062161,6575384.298,25802555.16,-2985682.949,-383.009519,-292.987191,-3096.149927
04/22/12 09:23:20,10096531.23,24412883.78,-4383695.83,-2296.78995,364.143845,-3058.979924,-0.209568,-0.506733,0.091011,6387783.102,25636497.87,-4371707.969,-452.226655,-444.160613,-3061.795512
04/22/12 09:30:50,9042476.999,24525315.97,-5750054.86,-2386.278747,135.314053,-3011.583847,-0.188012,-0.509942,0.119583,6167116.894,25403682.41,-5739358.288,-529.863246,-589.523827,-3014.505343
04/22/12 09:38:20,7950364.768,24534520.23,-7092205.034,-2465.872714,-94.49004,-2951.414437,-0.165604,-0.511059,0.147762,5909741.413,25106943.71,-7082844.699,-615.261831,-728.107242,-2954.429714
04/22/12 09:45:50,6824730.693,24440270.68,-8404441.952,-2535.207039,-324.322274,-2878.674072,-0.142427,-0.510064,0.175434,5612328.449,24749539.38,-8396457.243,-707.676155,-859.003166,-2881.770569
04/22/12 09:53:20,5670266.575,24242768.95,-9681163.902,-2593.955083,-553.229291,-2793.616774,-0.118569,-0.506946,0.202485,5271904.426,24335120,-9674588.47,-806.277458,-981.374146,-2796.781546
04/22/12 10:00:50,4491802.265,23942646.66,-10916895.08,-2641.830209,-780.254002,-2696.548069,-0.094119,-0.501698,0.228799,4885885.951,23867695.73,-10911756.67,-910.16159,-1094.46076,-2699.767835
04/22/12 10:08:20,3294287.274,23540966.29,-12106308.71,-2678.587536,-1004.439187,-2587.824669,-0.069172,-0.494327,0.254265,4452111.999,23351599.57,-12102629.03,-1018.356907,-1197.588775,-2591.085863
04/22/12 10:15:50,2082771.598,23039220.4,-13244249.94,-2704.025596,-1224.831221,-2467.853943,-0.043828,-0.484843,0.278769,3968872.365,22791447.5,-13242044.53,-1129.832888,-1290.175613,-2471.142767
04/22/12 10:23:20,862385.834,22439329.15,-14325758.5,-2717.987889,-1440.483921,-2337.093177,-0.018186,-0.473267,0.302202,3434932.097,22192096,-14325036.67,-1243.509413,-1371.736038,-2340.395657
04/22/12 10:30:50,-361679.383,21743636.07,-15346090.99,-2720.36431,-1650.462511,-2196.04861,0.007647,-0.45963,0.324457,2849551.621,21558597.02,-15346855.7,-1358.26663,-1441.887006,-2199.350651
04/22/12 10:38:20,-1584194.557,20954902,-16300742.55,-2711.092439,-1853.847674,-2045.274226,0.033566,-0.44397,0.345429,2212502.294,20896151.19,-16302990.43,-1472.955335,-1500.351612,-2048.561673
04/22/12 10:45:50,-2799913.045,20076297.25,-17185468.14,-2690.158674,-2049.7397,-1885.370298,0.05946,-0.426336,0.365016,1524077.201,20210059.25,-17189189.42,-1586.40778,-1546.962091,-1888.628992
04/22/12 10:53:20,-4003593.251,19111391.77,-17996302.9,-2657.599179,-2237.262689,-1716.981667,0.085217,-0.406785,0.383123,785097.004,19505672.49,-18001481.48,-1697.448809,-1581.6618,-1720.197509
04/22/12 11:00:50,-5190021.195,18064143.52,-18729581.84,-2613.500648,-2415.568807,-1540.795757,0.110725,-0.385384,0.399656,-3089.277,18788342.5,-18736195.29,-1804.907228,-1604.506172,-1543.954767
04/22/12 11:08:20,-6354033.387,16938884.88,-19381958.46,-2558.000848,-2583.842557,-1357.540307,0.13587,-0.36221,0.414529,-838608.632,18063370.69,-19389978.08,-1907.627305,-1615.662584,-1360.628688
04/22/12 11:15:50,-7490539.883,15740307.11,-19950422.34,-2491.28893,-2741.30505,-1167.980832,0.160538,-0.337349,0.427661,-1719073.612,17335958.19,-19959813.29,-2004.480284,-1615.409132,-1170.985032
04/22/12 11:23:20,-8594547.441,14473442.95,-20432315.52,-2413.605502,-2887.218242,-972.917797,0.184614,-0.310897,0.438977,-2641597.037,16611156.5,-20443036.93,-2094.375802,-1604.132305,-975.82457
04/22/12 11:30:50,-9661182.633,13143647.29,-20825347.53,-2325.242422,-3020.889098,-773.183509,0.207984,-0.282957,0.448412,-3602811.812,15893819.41,-20837352.64,-2176.273085,-1582.323544,-775.979979
04/22/12 11:38:20,-10685714.82,11756575.97,-21127608.98,-2226.542323,-3141.673674,-569.638743,0.230537,-0.253644,0.455904,-4598895.691,15188556.79,-21140845.35,-2249.191811,-1550.574715,-572.312463
04/22/12 11:45:50,-11663578.82,10318162.85,-21337583.56,-2117.897841,-3248.981052,-363.169088,0.252163,-0.22308,0.461403,-5625600.849,14499690.61,-21351993.23,-2312.222512,-1509.572508,-365.708105
04/22/12 11:53:20,-12590397.21,8834595.026,-21454158.32,-1999.750538,-3342.277113,-154.681053,0.272755,-0.191394,0.464868,-6678287.995,13831213.71,-21469678.09,-2364.536404,-1460.091807,-157.073961
04/22/12 12:00:50,-13462002.02,7312286.524,-21476632.18,-1872.58952,-3421.088103,54.902082,0.292207,-0.158725,0.466266,-7751964.767,13186751.79,-21493193.84,-2405.394514,-1402.988084,52.666079
04/22/12 12:08:20,-14274455.75,5757850.338,-21404722.49,-1736.949726,-3485.003953,264.644623,0.310422,-0.125218,0.465574,-8841328.05,12569529.06,-21422253.14,-2434.156007,-1339.188869,262.575661
04/22/12 12:15:50,-15024071.56,4178069.087,-21238569.62,-1593.409913,-3533.681317,473.603028,0.327303,-0.091024,0.46278,-9940809.84,11982337.86,-21256991.94,-2450.285594,-1269.684387,471.710526
04/22/12 12:23:20,-15707432.51,2579864.369,-20978739.4,-1442.590309,-3566.846296,680.830633,0.342762,-0.056301,0.457882,-11044626.22,11427512.69,-20997972,-2453.35993,-1195.51744,679.123245
04/22/12 12:30:50,-16321409.55,970264.96,-20626223.44,-1285.149961,-3584.296803,885.382525,0.356715,-0.021209,0.45089,-12146828.98,10906908.98,-20646181.23,-2443.072906,-1117.772638,883.868096
04/22/12 12:38:20,-16863178.43,-643625.96,-20182437.27,-1121.783772,-3585.904538,1086.320523,0.369087,0.014084,0.441824,-13241359.31,10421886.81,-20203031.81,-2419.239761,-1037.565096,1085.006042
04/22/12 12:45:50,-17330235.05,-2254664.383,-19649216.1,-953.219258,-3571.616551,1282.718221,0.379808,0.04941,0.430717,-14322103.14,9973299.749,-19670356.01,-2381.799943,-956.0287,1281.609786
04/22/12 12:53:20,-17720409.38,-3855699.638,-19028808.45,-780.213011,-3541.456351,1473.666068,0.388819,0.084598,0.417611,-15382947.42,9561489.17,-19050399.81,-2330.818676,-874.304094,1472.768849
04/22/12 13:00:50,-18031877.68,-5439608.972,-18323867.4,-603.546928,-3495.524552,1658.276434,0.396066,0.119477,0.402561,-16417836.8,9186283.91,-18345814.17,-2266.487185,-793.526506,1657.594645
04/22/12 13:08:20,-18263173.03,-6999332.291,-17537439.55,-424.024197,-3433.999021,1835.688621,0.401509,0.153875,0.385631,-17420830.16,8847005.457,-17559644.03,-2189.121571,-714.813552,1835.225496
04/22/12 13:15:50,-18413193.94,-8527906.866,-16672951.87,-242.465085,-3357.134526,2005.073776,0.405112,0.187622,0.366898,-18386156.28,8542478.603,-16695315.12,-2099.160319,-639.253182,2004.831546
04/22/12 13:23:20,-18481211.05,-10018501.77,-15734196.25,-59.70256,-3265.261877,2165.639657,0.406854,0.22055,0.346449,-19308268.1,8271047.453,-15756618.55,-1997.16047,-567.891877,2165.619539
04/22/12 13:30:50,-18466871.88,-11464451.79,-14725311.96,123.422227,-3158.786538,2316.635211,0.406721,0.252496,0.32438,-20181894.96,8030596.672,-14747693.28,-1883.79248,-501.723275,2316.8374
04/22/12 13:38:20,-18370203.42,-12859290.63,-13650766.18,306.064554,-3038.186743,2457.354928,0.40471,0.2833,0.300797,-21002092.24,7818577.719,-13673006.64,-1759.833817,-441.677332,2457.778589
04/22/12 13:45:50,-18191612.72,-14196783.14,-12515332.55,487.380803,-2904.011096,2587.142908,0.400829,0.312808,0.275815,-21764287.88,7632039.82,-12537332.86,-1626.16137,-388.610177,2587.786184
04/22/12 13:53:20,-17931885.34,-15470956.33,-11324067.99,666.533147,-2756.87569,2705.396629,0.395097,0.340875,0.249555,-22464325.15,7467665.321,-11345729.93,-1483.742747,-343.294763,2706.256647
04/22/12 14:00:50,-17592181.66,-16676129.03,-10082287.88,842.69422,-2597.46076,2811.570365,0.38754,0.367361,0.222148,-23098501.37,7321809.053,-10103514.75,-1333.62657,-306.412446,2812.643249
04/22/12 14:08:20,-17174031.17,-17806939.9,-8795539.856,1015.05172,-2426.506902,2905.178213,0.378199,0.392138,0.19373,-23663602,7190541.253,-8816236.925,-1176.931878,-278.545585,2906.459108
04/22/12 14:15:50,-16679324.68,-18858373.66,-7469576.214,1182.812906,-2244.810878,2985.796736,0.367121,0.415085,0.164442,-24156929.77,7069693.574,-7489651.151,-1014.83676,-260.171245,2987.279826
04/22/12 14:23:20,-16110304.47,-19825785.38,-6110325.341,1345.208952,-2053.221064,3053.067154,0.354364,0.436093,0.13443,-24576328.62,6954907.658,-6129688.64,-848.56636,-251.656101,3054.745699
04/22/12 14:30:50,-15469552.66,-20704922.61,-4723862.184,1501.499116,-1852.632566,3106.697106,0.339996,0.455064,0.103843,-24920202.06,6841685.734,-4742427.575,-679.380401,-253.252566,3108.563472
04/22/12 14:38:20,-14759977.63,-21491945.21,-3316378.056,1650.974695,-1643.982068,3146.461945,0.324091,0.471911,0.072832,-25187525.84,6725442.656,-3334062.897,-508.560374,-265.09622,3148.507648
04/22/12 14:45:50,-13984798.76,-22183442.94,-1894149.96,1792.962727,-1428.242432,3172.205576,0.306732,0.48656,0.041552,-25377854.85,6601558.823,-1910875.61,-337.396539,-287.20453,3174.421325
04/22/12 14:53:20,-13147529.59,-22776450.43,-463509.639,1926.829417,-1206.417142,3183.840824,0.288012,0.498949,0.010154,-25491324.15,6465433.362,-479201.813,-167.174913,-319.476898,3186.216569
04/22/12 15:00:50,-12251959.44,-23268459.69,969187.432,2051.983258,-979.534596,3181.349349,0.268025,0.50903,-0.021209,-25528644.09,6312537.01,954598.339,0.835625,-361.695997,3183.874336
04/22/12 15:08:20,-11302133.79,-23657430.04,2397592.924,2167.877834,-748.642342,3164.781115,0.246877,0.516765,-0.052385,-25491089.83,6138464.095,2384171.528,165.395945,-413.530386,3167.443935
04/22/12 15:15:50,-10302333.36,-23941795.44,3815396.185,2274.014274,-514.801277,3134.253416,0.224674,0.522133,-0.083226,-25380485.13,5938983.074,3803201.832,325.308857,-474.538356,3137.042073
04/22/12 15:23:20,-9257052.298,-24120469.13,5216354.245,2369.943368,-279.079877,3089.949506,0.20153,0.525121,-0.113588,-25199180.84,5710085.063,5205440.762,479.430755,-544.172937,3092.851471
04/22/12 15:30:50,-8170975.365,-24192845.85,6594321.115,2455.267317,-42.548493,3032.11683,0.17756,0.525734,-0.143331,-24950028.34,5448029.872,6584736.582,626.682564,-621.788012,3035.119107
04/22/12 15:38:20,-7048954.503,-24158801.32,7943276.206,2529.641125,193.726223,2961.064903,0.152883,0.523984,-0.172319,-24636348.13,5149389.056,7935062.763,766.059911,-706.64543,2964.154091
04/22/12 15:45:50,-5895984.819,-24018689.45,9257351.724,2592.773639,428.686747,2877.162851,0.127619,0.519898,-0.200422,-24261894.12,4811085.555,9250545.401,896.642382,-797.923044,2880.325215
04/22/12 15:53:20,-4717180.191,-23773336.95,10530858.88,2644.42823,661.289911,2780.836672,0.10189,0.513514,-0.227517,-23830813.94,4430429.53,10525489.47,1017.601811,-894.723552,2784.058203
04/22/12 16:00:50,-3517748.64,-23424035.82,11758312.83,2684.423135,890.511897,2672.566218,0.075818,0.50488,-0.253488,-23347605.78,4005150.06,11754403.76,1128.209502,-996.084042,2675.832706
04/22/12 16:08:20,-2302967.627,-22972533.52,12934456.17,2712.631477,1115.352982,2552.881965,0.049525,0.494054,-0.278227,-22817072.18,3533422.407,12932024.45,1227.842346,-1100.986119,2556.179061
04/22/12 16:15:50,-1078159.409,-22421021.11,14054280.97,2728.980961,1334.841996,2422.361588,0.023132,0.481105,-0.301633,-22244271.36,3013890.617,14053337.11,1315.987768,-1208.36649,2425.674874
04/22/12 16:23:20,151333.399,-21772119.49,15113049.18,2733.453285,1548.040481,2281.626382,-0.003242,0.46611,-0.323612,-21634466.63,2445685.275,15113597.24,1392.247501,-1317.127894,2284.941433
04/22/12 16:30:50,1380171.936,-21028863.75,16106311.49,2726.08327,1754.046541,2131.337561,-0.029481,0.449153,-0.34408,-20993074.27,1828436.289,16108349.03,1456.340152,-1426.150253,2134.640014
04/22/12 16:38:20,2603044.762,-20194685.95,17029924.38,2706.957747,1951.998358,1972.192481,-0.05547,0.430329,-0.362961,-20325610.62,1162280.629,17033442.52,1508.102571,-1534.301918,1975.468093
04/22/12 16:45:50,3814690.96,-19273396.37,17880065.59,2676.214205,2141.077389,1804.920791,-0.081099,0.409736,-0.380188,-19637638.78,447864.999,17885049.07,1547.490033,-1640.450903,1808.155504
04/22/12 16:53:20,5009922.596,-18269163.33,18653247.7,2634.03924,2320.511224,1630.280578,-0.106259,0.38748,-0.395701,-18934715.5,-313656.51,18659675,1574.575254,-1743.475985,1633.460576
04/22/12 17:00:50,6183646.43,-17186491.87,19346330.12,2580.666818,2489.576123,1449.0545,-0.130848,0.363671,-0.409451,-18222338.74,-1120629.722,19354173.58,1589.546289,-1842.277574,1452.166268
04/22/12 17:08:20,7330884.812,-16030201.35,19956529.29,2516.376381,2647.599227,1262.045951,-0.154767,0.338425,-0.421395,-17505896.48,-1970912.496,19965755.21,1592.703343,-1935.788243,1265.076327
04/22/12 17:15:50,8446795.697,-14805402.12,20481427.09,2441.490815,2793.960453,1070.075274,-0.177922,0.31186,-0.4315,-16790617.12,-2861891.486,20491995.97,1584.454564,-2022.982821,1073.011505
04/22/12 17:23:20,9526691.709,-13517471.36,20918977.71,2356.374306,2928.09409,873.976045,-0.200224,0.2841,-0.43974,-16081522.09,-3790503.336,20930844.39,1565.310874,-2102.887986,876.805832
04/22/12 17:30:50,10566058.23,-12172028.36,21267512.7,2261.430097,3049.490103,674.591429,-0.221587,0.25527,-0.446099,-15383380.87,-4753260.058,21280626.61,1535.879911,-2174.591243,677.302979
04/22/12 17:38:20,11560570.47,-10774909.2,21525744.55,2157.098175,3157.695166,472.77065,-0.241934,0.225495,-0.450567,-14700669.04,-5746278.299,21540049.95,1496.859153,-2237.249251,475.352715
04/22/12 17:45:50,12506109.43,-9332141.023,21692768.64,2043.852899,3252.313424,269.365555,-0.26119,0.194905,-0.453141,-14037529.51,-6765312.205,21708204.81,1449.02831,-2290.095419,271.807475
04/22/12 17:53:20,13398776.87,-7849916.104,21768063.6,1922.200587,3333.007027,65.227302,-0.279288,0.163629,-0.453827,-13397737.34,-7805789.513,21784565.21,1393.241068,-2332.446723,67.519043
04/22/12 18:00:50,14234909.14,-6334565.621,21751490.36,1792.677073,3399.496429,-138.796835,-0.296164,0.131797,-0.452636,-12784668.46,-8862850.546,21768987.7,1330.41626,-2363.709699,-136.664645
04/22/12 18:08:20,15011089.87,-4792533.413,21643289.66,1655.845256,3451.560476,-341.866527,-0.31176,0.099538,-0.449588,-12201272.36,-9931389.696,21661708.95,1261.52857,-2383.385577,-339.902568
04/22/12 18:15:50,15724161.64,-3230349.715,21444078.28,1512.29264,3489.036305,-543.151334,-0.326026,0.066982,-0.444708,-11650049.22,-11006099.03,21463341.99,1187.59884,-2391.074526,-541.363564
04/22/12 18:23:20,16371236.48,-1654604.986,21154843.94,1362.628881,3511.81907,-741.833507,-0.338913,0.034257,-0.438027,-11133031.28,-12081513.59,21174871.13,1109.684081,-2386.478993,-740.229136
04/22/12 18:30:50,16949705.28,-71923.888,20776938.97,1207.483348,3519.861495,-937.110682,-0.350383,0.001491,-0.429581,-10651768.92,-13152058,20797645.64,1028.867271,-2369.406116,-935.696149
04/22/12 18:38:20,17457246.15,1511060.484,20312072.84,1047.502701,3513.173292,-1128.198429,-0.360397,-0.031191,-0.419415,-10207321.27,-14212093.96,20333372.26,946.247031,-2339.769214,-1126.979383
04/22/12 18:45:50,17891831.62,3087732.1,19762303.52,883.348496,3491.820437,-1314.332697,-0.368927,-0.063665,-0.407574,-9800251.484,-15255968.18,19784106.6,862.927256,-2297.588352,-1313.313978
04/22/12 18:53:20,18251734.82,4651517.117,19130027.76,715.694808,3455.924325,-1494.772136,-0.375947,-0.095808,-0.394113,-9430626.745,-16278060.34,19152243.43,780.0068,-2242.989981,-1493.957762
04/22/12 19:00:50,18535534.62,6195908.615,18417970.42,545.225889,3405.660815,-1668.80031,-0.381436,-0.1275,-0.37909,-9098022.782,-17272830.77,18440505.96,698.569277,-2176.205686,-1668.193466
04/22/12 19:08:20,18742119.63,7714490.869,17629172.73,372.633854,3341.25917,-1835.727801,-0.385381,-0.158625,-0.362566,-8801533.007,-18234867.26,17651934.2,619.673075,-2097.570038,-1835.33083
04/22/12 19:15:50,18870691.26,9200963.121,16766979.71,198.61639,3263.000906,-1994.894222,-0.38777,-0.189066,-0.344608,-8539782.06,-19158930.81,16789872.31,544.341645,-2007.517591,-1994.708617
04/22/12 19:23:20,18920765.71,10649162.82,15835026.67,23.874497,3171.218539,-2145.670122,-0.3886,-0.218714,-0.325287,-8310943.652,-20039999.73,15857955.09,473.554146,-1906.579054,-2145.696529
04/22/12 19:30:50,18892174.96,12053088.28,14837224.85,-150.88975,3066.294266,-2287.458818,-0.38787,-0.247457,-0.304677,-8112762.521,-20873311.96,14860093.71,408.236512,-1795.376665,-2287.697029
04/22/12 19:38:20,18785066.74,13406920.71,13777746.32,-324.97541,2948.658545,-2419.698126,-0.385585,-0.275192,-0.282858,-7942580.303,-21654405.02,13800460.51,349.253009,-1674.618809,-2420.147085
04/22/12 19:45:50,18599903.54,14705045.61,12661008.04,-497.684872,2818.788609,-2541.862026,-0.381756,-0.301815,-0.259912,-7797365.082,-22379153.47,12683473.12,297.39834,-1545.093934,-2542.519832
04/22/12 19:53:20,18337460.64,15942073.47,11491655.25,-668.326026,2677.206892,-2653.462241,-0.376396,-0.327228,-0.235923,-7673744.354,-23043803.45,11513777.82,253.39036,-1407.663802,-2654.326157
04/22/12 20:00:50,17998823.08,17112859.74,10274544.13,-836.214425,2524.479378,-2754.049744,-0.369525,-0.351336,-0.210981,-7568041.127,-23645003.98,10296232.22,217.863456,-1263.256131,-2755.116209
04/22/12 20:08:20,17585381.82,18212524.01,9014723.845,-1000.67543,2361.213865,-2843.216201,-0.361167,-0.374048,-0.185178,-7476312.835,-24179834.96,9035887.255,191.362641,-1112.856683,-2844.480838
04/22/12 20:15:50,17098828.78,19236468.49,7717417.869,-1161.046347,2188.058145,-2920.595328,-0.351352,-0.395278,-0.158609,-7394392.746,-24645831.35,7737968.558,174.338401,-957.500866,-2922.052963
04/22/12 20:23:20,16541151,20180395.51,6388004.813,-1316.678558,2005.698096,-2985.864191,-0.340112,-0.414943,-0.131371,-7317933.509,-25041003.57,6407857.242,167.142355,-798.264899,-2987.50887
04/22/12 20:30:50,15914623.84,21040324.25,5031998.62,-1466.939638,1814.855676,-3038.744427,-0.327487,-0.432965,-0.103566,-7242452.463,-25363853.8,5051070.103,170.023738,-636.256618,-3040.569436
04/22/12 20:38:20,15221803.21,21812606.5,3655028.254,-1611.215475,1616.286823,-3079.003387,-0.313519,-0.449271,-0.075294,-7163378.34,-25613388.11,3673239.291,183.126767,-472.605982,-3081.001276
04/22/12 20:45:50,14465516.86,22493941.44,2262816.882,-1748.912381,1410.779243,-3106.455205,-0.298256,-0.463793,-0.046663,-7076098.946,-25789124.19,2280091.487,206.48889,-308.455364,-3108.617813
04/22/12 20:53:20,13648854.71,23081389.45,861160.599,-1879.459189,1199.1501,-3120.961782,-0.28175,-0.476468,-0.017778,-6976009.435,-25891094.73,877426.614,240.039956,-144.949683,-3123.280265
04/22/12 21:00:50,12775158.22,23572384.8,-544093.272,-2002.309353,982.243576,-3122.433678,-0.264058,-0.487239,0.011251,-6858560.734,-25919846.36,-528903.878,283.602322,16.773529,-3124.898538
04/22/12 21:08:20,11848008.91,23964747.25,-1947068.26,-2116.943028,760.928321,-3110.830908,-0.245243,-0.496054,0.040313,-6719307.718,-25876434.09,-1933019.104,336.891891,175.594061,-3113.432029
04/22/12 21:15:50,10871215.79,24256692.45,-3341881.159,-2222.869138,536.094771,-3086.163628,-0.225369,-0.502869,0.069297,-6553956.703,-25762411.26,-3329031.171,399.5201,330.418865,-3088.890309
04/22/12 21:23:20,9848802.02,24446841.13,-4722664.724,-2319.627419,308.652336,-3048.492712,-0.204509,-0.507644,0.098088,-6358411.834,-25579815.14,-4711067.896,470.996844,480.191741,-3051.333708
04/22/12 21:30:50,8784990.572,24534226.97,-6083590.603,-2406.790437,79.526455,-2997.930198,-0.182737,-0.510346,0.126574,-6128819.943,-25331148.25,-6073295.75,550.734334,623.902767,-3000.873756
04/22/12 21:38:20,7684188.993,24518303.13,-7418892.43,-2483.965571,-150.344489,-2934.639593,-0.160132,-0.510951,0.154638,-5861613.468,-25019355.43,-7409942.974,638.051858,760.59741,-2937.673498
04/22/12 21:45:50,6550973.315,24398947.35,-8722889.035,-2550.796948,-380.012389,-2858.836035,-0.136779,-0.509441,0.182168,-5553551.034,-24647796.98,-8715322.803,732.18144,889.385214,-2861.947654
04/22/12 21:53:20,5390071.093,24176465.59,-9990007.675,-2606.967321,-608.522777,-2770.786284,-0.112765,-0.505806,0.209047,-5201755.284,-24220217.9,-9983856.727,832.274341,1009.448011,-2773.962614
04/22/12 22:00:50,4206343.608,23851594.08,-11214807.24,-2652.199886,-834.918317,-2670.808544,-0.088182,-0.500042,0.235162,-4803747.606,-23740713.69,-11210097.71,937.408383,1120.047554,-2674.036259
04/22/12 22:08:20,3004767.28,23425499.84,-12392001.3,-2686.26001,-1058.242441,-2559.272084,-0.063126,-0.492157,0.2604,-4357479.394,-23213692.76,-12388753.26,1046.596027,1220.532506,-2562.537588
04/22/12 22:15:50,1790414.316,22899779.45,-13516481.02,-2708.956867,-1277.5431,-2436.596667,-0.037695,-0.482163,0.28465,-3861359.499,-22643835.85,-13514708.37,1158.793172,1310.34471,-2439.886149
04/22/12 22:23:20,568432.648,22276456.18,-14583337.64,-2720.144962,-1491.876645,-2303.251752,-0.011993,-0.470085,0.307802,-3314277.592,-22036052.88,-14583048.03,1272.908584,1389.024669,-2306.551238
04/22/12 22:30:50,-655974.781,21557975.31,-15587884.65,-2719.725531,-1700.311807,-2159.755469,0.013876,-0.455954,0.32975,-2715623.134,-21395437.45,-15589079.43,1387.813901,1456.216168,-2163.050882
04/22/12 22:38:20,-1877571.338,20747197.64,-16525679.45,-2707.647789,-1901.933781,-2006.673356,0.039804,-0.439812,0.350389,-2065299.745,-20727219.53,-16528353.61,1502.354134,1511.669986,-2009.95057
04/22/12 22:45:50,-3091108.537,19847391.14,-17392544.29,-2683.910023,-2095.84838,-1844.61683,0.06568,-0.421709,0.36962,-1363734.743,-20036716.6,-17396686.45,1615.358561,1555.246634,-1847.861734
04/22/12 22:53:20,-4291348.341,18862220.75,-18184586.56,-2648.560499,-2281.186259,-1674.241411,0.091393,-0.401704,0.387346,-611883.714,-19329283.9,-18190179.02,1725.651933,1586.918085,-1677.439966
04/22/12 23:00:50,-5473085.809,17795736.22,-18898218.16,-2601.69817,-2457.107169,-1496.24466,0.116829,-0.379868,0.403477,188770.011,-18610264.04,-18905236.94,1832.06589,1606.768442,-1499.382963
04/22/12 23:08:20,-6631172.035,16652358.06,-19530173.96,-2543.473169,-2622.804237,-1311.363852,0.141874,-0.356279,0.417928,1036221.047,-17884936.64,-19538588.83,1933.450467,1614.993539,-1314.428196
04/22/12 23:15:50,-7760537.238,15436861.57,-20077529.01,-2474.087063,-2777.508222,-1120.373361,0.166415,-0.331025,0.430619,1927952.824,-17158468.28,-20087303.67,2028.685598,1611.899429,-1123.350298
04/22/12 23:23:20,-8856213.92,14154358.96,-20537714.66,-2393.792857,-2920.491742,-924.081766,0.190336,-0.304205,0.441477,2860953.603,-16435863.5,-20548806.81,2116.692484,1597.89977,-926.958169
04/22/12 23:30:50,-9913359.967,12810279.53,-20908533.23,-2302.894729,-3051.073419,-723.328682,0.213524,-0.275924,0.450438,3831737.56,-15721917.18,-20920894.75,2196.444714,1573.512112,-726.091805
04/22/12 23:38:20,-10927281.56,11410348.13,-21188171.21,-2201.747479,-3168.621924,-518.98131,0.235869,-0.2463,0.457443,4836370.804,-15021168.77,-21201748.33,2266.979025,1539.353089,-521.618852
04/22/12 23:45:50,-11893455.77,9960561.672,-21375210.83,-2090.75569,-3272.559882,-311.93073,0.25726,-0.215454,0.462444,5870502.115,-14337859.05,-21389944.37,2327.405563,1496.13255,-314.430891
04/22/12 23:53:20,-12807552.75,8467164.077,-21468639.96,-1970.372575,-3362.367589,-103.087937,0.277591,-0.183521,0.465402,6929398.18,-13675889.66,-21484465.54,2376.917546,1444.646682,-105.439482
04/23/12 00:00:50,-13665457.22,6936619.479,-21467860.1,-1841.098514,-3437.586529,106.620354,0.296758,-0.150639,0.466287,8007975.035,-13038790.88,-21484708.43,2414.801049,1385.768674,104.428045
04/23/12 00:08:20,-14463289.41,5375583.965,-21372692.48,-1703.479277,-3497.822622,316.256122,0.314664,-0.116956,0.465078,9100873.626,-12429669.32,-21390489.65,2440.439667,1320.445876,314.232996
04/23/12 00:15:50,-15197424.95,3790875.898,-21183382.16,-1558.103922,-3542.749194,524.874645,0.331215,-0.082623,0.461765,10202457.47,-11851206.08,-21202049.93,2453.326886,1249.681413,523.029924
04/23/12 00:23:20,-15864513.83,2189444.975,-20900599.9,-1405.602376,-3572.109614,731.529267,0.346322,-0.0478,0.45635,11306895.43,-11305614.31,-20920056.05,2453.068701,1174.529746,729.871401
04/23/12 00:30:50,-16461498.19,578340.187,-20525442,-1246.642707,-3585.719565,935.276299,0.359905,-0.012648,0.448845,12408205.55,-10794623.5,-20545600.7,2439.389496,1096.084303,933.81292
04/23/12 00:38:20,-16985628.86,-1035323.166,-20059427.8,-1081.928096,-3583.468926,1135.180015,0.371888,0.022664,0.439274,13500309.2,-10319464.43,-20080199.97,2412.135849,1015.46605,1133.917894
04/23/12 00:45:50,-17434480.34,-2644397.204,-19504494.98,-912.19351,-3565.323227,1330.317713,0.382205,0.057968,0.42767,14577086.72,-9880859.476,-19525788.71,2371.279064,933.811683,1329.262725
04/23/12 00:53:20,-17805964.38,-4241735.752,-18862992.56,-738.202121,-3531.324643,1519.784792,0.390798,0.093093,0.414079,15632433.85,-9479018.221,-18884713.49,2316.916404,852.261554,1518.94188
04/23/12 01:00:50,-18098341.76,-5820228.967,-18137671.62,-560.741461,-3481.592527,1702.699808,0.397617,0.127866,0.39856,16660318.45,-9113638.549,-18159723.37,2249.270972,771.947482,1702.072957
04/23/12 01:08:20,-18310232.4,-7372838.095,-17331673.71,-380.619364,-3416.323432,1878.209467,0.402621,0.162117,0.381179,17654836.83,-8783913.23,-17353958.35,2168.690236,693.980584,1877.801678
04/23/12 01:15:50,-18440623.5,-8892630.122,-16448517.13,-198.659708,-3335.790643,2045.493502,0.405779,0.195677,0.362016,18610269.14,-8488541.947,-16470935.59,2075.643206,619.439265,2045.306776
04/23/12 01:23:20,-18488875.79,-10372812.1,-15492080.99,-15.698,-3240.343186,2203.769399,0.407072,0.228377,0.341159,19521133.18,-8225748.659,-15514533.53,1970.716258,549.357519,2203.804723
04/23/12 01:30:50,-18454727.76,-11806764.92,-14466587.16,167.42317,-3130.40432,2352.296928,0.406487,0.260056,0.318707,20382236.01,-7993304.143,-14488973.84,1854.607676,484.713672,2352.554265
04/23/12 01:38:20,-18338297.79,-13188076.25,-13376580.31,349.85876,-3006.469528,2490.382422,0.404025,0.290556,0.294768,21188722.88,-7788553.469,-13398801.41,1728.120934,426.419713,2490.860714
04/23/12 01:45:50,-18140084.17,-14510572.55,-12226906.02,530.765958,-2869.103998,2617.38278,0.399697,0.319724,0.26946,21936122.81,-7608448.115,-12248862.55,1592.156821,375.311339,2618.079947
04/23/12 01:53:20,-17860963.12,-15768349.71,-11022687.19,709.30887,-2718.93963,2732.70915,0.393522,0.347416,0.242905,22620390.4,-7449582.394,-11044281.31,1447.704471,332.13883,2733.622104
04/23/12 02:00:50,-17502184.56,-16955802.37,-9769298.878,884.663177,-2556.67158,2835.830253,0.385531,0.373496,0.215236,23237943.4,-7308233.757,-9790434.362,1295.831421,297.558883,2836.954908
04/23/12 02:08:20,-17065365.88,-18067651.48,-8472341.686,1056.020721,-2383.054373,2926.275323,0.375766,0.397836,0.186591,23785695.57,-7180406.56,-8492924.374,1137.672807,272.12748,2927.606619
04/23/12 02:15:50,-16552483.68,-19098970.12,-7137613.977,1222.593967,-2198.897625,3003.636633,0.364277,0.42032,0.15711,24261084.55,-7061878.771,-7157552.197,974.419826,256.293895,3005.168561
04/23/12 02:23:20,-15965863.49,-20045207.2,-5771083.004,1383.620318,-2005.061401,3067.571589,0.351124,0.440839,0.126943,24662094.37,-6948251.117,-5790287.996,807.307604,250.3959,3069.297223
04/23/12 02:30:50,-15308167.63,-20902209.09,-4378855.213,1538.366239,-1802.451269,3117.804376,0.336376,0.4593,0.096237,24987272.4,-6834998.103,-4397241.534,637.602618,254.656226,3119.715908
04/23/12 02:38:20,-14582381.21,-21666238.95,-2967145.912,1686.131151,-1592.013077,3154.127141,0.320111,0.475618,0.065146,25235740.54,-6717520.334,-2984631.824,466.589827,269.180315,3156.215923
04/23/12 02:45:50,-13791796.54,-22333993.61,-1542248.509,1826.251073,-1374.727518,3176.400719,0.302413,0.489722,0.033822,25407200.68,-6591197.558,-1558756.345,295.55965,293.955382,3178.657304
04/23/12 02:53:20,-12939995.81,-22902617.99,-110503.522,1958.101973,-1151.604528,3184.554883,0.283376,0.501553,0.002418,25501934.16,-6451441.834,-125960.037,125.794975,328.850786,3186.96908
04/23/12 03:00:50,-12030832.5,-23369717,1321732.411,2081.102822,-923.677566,3178.588156,0.263097,0.511066,-0.028912,25520795.53,-6293750.233,1307395.719,-41.441684,373.619703,3181.14908
04/23/12 03:08:20,-11068411.32,-23733364.82,2748117.343,2194.718305,-691.997832,3158.567163,0.241681,0.518228,-0.06002,25465200.52,-6113756.515,2734963.931,-204.920705,427.902055,3161.263292
04/23/12 03:15:50,-10057067.16,-23992111.57,4162354.44,2298.461207,-457.628472,3124.625568,0.219237,0.523018,-0.090757,25337108.53,-5907281.202,4150442.446,-363.457419,491.228657,3127.444798
04/23/12 03:23:20,-9001342.944,-24144987.4,5558221.829,2391.894432,-221.638823,3076.962593,0.195879,0.525429,-0.120981,25138999.76,-5670379.524,5547603.829,-515.923594,563.026519,3079.892305
04/23/12 03:30:50,-7905966.686,-24191503.98,6929601.698,2474.632672,14.901266,3015.841167,0.171723,0.525466,-0.15055,24873847.42,-5399386.736,6920324.483,-661.258196,642.625216,3018.868285
04/23/12 03:38:20,-6775827.889,-24131653.47,8270508.48,2546.343716,250.926978,2941.585717,0.146889,0.523146,-0.179332,24545085.14,-5090960.345,8262612.866,-798.477332,729.264256,2944.696777
04/23/12 03:45:50,-5615953.419,-23965905.09,9575115.968,2606.749401,485.383907,2854.57964,0.121498,0.518499,-0.207199,24156570.28,-4742118.814,9568636.638,-926.683281,822.101325,2857.760853
04/23/12 03:53:20,-4431483.035,-23695199.2,10837783.23,2655.626209,717.233232,2755.262487,0.09567,0.511565,-0.234028,23712543.21,-4350276.375,10832748.6,-1045.07251,920.221326,2758.499807
04/23/12 04:00:50,-3227644.727,-23320939.19,12053079.19,2692.805539,945.456656,2644.126897,0.069529,0.502394,-0.259707,23217583.42,-3913273.622,12049511.31,-1152.942625,1022.646081,2647.406086
04/23/12 04:08:20,-2009730.007,-22844981.21,13215805.81,2718.173637,1169.061083,2521.715309,0.043196,0.491047,-0.284127,22676562.59,-3429403.608,13213720.29,-1249.698192,1128.344588,2525.022006
04/23/12 04:15:50,-783069.299,-22269621.76,14321019.67,2731.67123,1387.083,2388.616499,0.016791,0.477595,-0.30719,22094595.38,-2897433.225,14320425.66,-1334.855397,1236.243708,2391.936282
04/23/12 04:23:20,446992.441,-21597583.54,15364052.1,2733.292862,1598.592572,2245.461966,-0.009566,0.462117,-0.328804,21476988.39,-2316619.701,15364952.23,-1408.045504,1345.239166,2248.780423
04/23/12 04:30:50,1675119.74,-20831999.37,16340527.48,2723.085972,1802.697399,2092.922213,-0.035761,0.4447,-0.348889,20829187.8,-1686722.096,16342917.93,-1469.017124,1454.206736,2096.225
04/23/12 04:38:20,2896010.158,-19976394.54,17246380.01,2701.149709,1998.545968,1931.70294,-0.061678,0.425439,-0.367368,20156726.29,-1008007.754,17250250.51,-1517.637277,1562.013496,1934.975848
04/23/12 04:45:50,4104417.249,-19034667.79,18077868.62,2667.633541,2185.33076,1762.5412,-0.087209,0.404434,-0.384178,19465169.76,-281253.682,18083202.58,-1553.891276,1667.529043,1765.770214
04/23/12 04:53:20,5295172.851,-18011070.78,18831590.28,2622.735649,2362.291032,1586.201532,-0.112246,0.381793,-0.399262,18760064.29,492257.073,18838364.83,-1577.881452,1769.636547,1589.37289
04/23/12 05:00:50,6463208.618,-16910186.53,19504491.44,2566.701158,2528.715274,1403.4721,-0.136688,0.357626,-0.41257,18046884.04,1310743.976,19512677.6,-1589.824775,1867.243539,1406.57235
04/23/12 05:08:20,7603576.708,-15736906.73,20093877.82,2499.820196,2683.943343,1215.160868,-0.160437,0.332051,-0.424064,17330980.33,2171942.322,20103440.63,-1590.049394,1959.292344,1218.176921
04/23/12 05:15:50,8711469.582,-14496408.26,20597422.49,2422.425844,2827.368285,1022.091828,-0.183399,0.305188,-0.433711,16617532.66,3073121.165,20608321.19,-1578.990184,2044.770055,1025.01101
04/23/12 05:23:20,9782238.845,-13194128.86,21013172.2,2334.891958,2958.437858,825.101296,-0.205487,0.277159,-0.441489,15911501.79,4011105.601,21025360.44,-1557.183336,2122.717974,827.9114
04/23/12 05:30:50,10811413.09,-11835742.22,21339552.16,2237.63091,3076.655767,625.034301,-0.226618,0.248091,-0.447382,15217585.56,4982303.18,21352978.2,-1525.260085,2192.240436,627.723629
04/23/12 05:38:20,11794714.71,-10427132.61,21575369.13,2131.09126,3181.582633,422.74107,-0.246713,0.218109,-0.451383,14540177.69,5982734.121,21589976.09,-1483.93964,2252.51295,425.298479
04/23/12 05:45:50,12728075.63,-8974369.065,21719813,2015.755367,3272.836696,219.073623,-0.265701,0.187344,-0.453491,13883329.9,7008065.041,21735539.13,-1434.021401,2302.789604,221.488565
04/23/12 05:53:20,13607652.02,-7483679.349,21772456.86,1892.136972,3350.094289,14.88249,-0.283513,0.155925,-0.453712,13250717.73,8053645.833,21789235.78,-1376.376543,2342.409676,17.14505
04/23/12 06:00:50,14429837.8,-5961423.766,21733255.6,1760.77875,3413.090087,-188.98645,-0.30009,0.12398,-0.452061,12645610.17,9114549.33,21751016.65,-1311.939063,2370.803409,-186.885522
04/23/12 06:08:20,15191277.17,-4414068.874,21602543.16,1622.249852,3461.617143,-391.695009,-0.315374,0.091641,-0.448559,12070843.56,10185613.38,21621211.64,-1241.696371,2387.496919,-389.764262
04/23/12 06:15:50,15888875.93,-2848161.245,21381028.36,1477.143452,3495.526749,-592.41559,-0.329315,0.059035,-0.443231,11528799.72,11261484.92,21400525.91,-1166.679511,2392.116213,-590.662847
04/23/12 06:23:20,16519811.77,-1270301.324,21069789.54,1326.074289,3514.728111,-790.333971,-0.341868,0.026292,-0.436111,11021388.54,12336665.67,21090034.43,-1087.953107,2384.390287,-788.766302
04/23/12 06:30:50,17081543.38,312882.531,20670267.94,1169.676236,3519.187875,-984.651955,-0.352993,-0.006462,-0.427236,10550035.21,13405559,20691175.44,-1006.605126,2364.153307,-983.275654
04/23/12 06:38:20,17571818.56,1894759.763,20184259.89,1008.599883,3508.929504,-1174.5899,-0.362655,-0.039101,-0.416651,10115672.02,14462517.55,20205742.63,-923.736525,2331.345858,-1173.410467
04/23/12 06:45:50,17988681.2,3468723.018,19613907.95,843.510143,3484.032525,-1359.389129,-0.370826,-0.071502,-0.404406,9718734.844,15501891.27,19635876.24,-840.450893,2286.015273,-1358.411252
04/23/12 06:53:20,18330477.16,5028213.181,18961690.92,675.083884,3444.631656,-1538.314228,-0.377481,-0.103543,-0.390554,9359164.281,16518075.33,18984053.17,-757.844154,2228.31504,-1537.541768
04/23/12 07:00:50,18595859.16,6566743.998,18230412.9,504.007598,3390.915826,-1710.655226,-0.382601,-0.135104,-0.375153,9036411.401,17505557.58,18253075.95,-676.994418,2158.503319,-1710.091209
04/23/12 07:08:20,18783790.54,8077926.228,17423191.35,330.975084,3323.12709,-1875.729686,-0.386173,-0.16607,-0.358269,8749447.996,18458965.18,17446060.89,-598.952052,2076.940572,-1875.376291
04/23/12 07:15:50,18893548.11,9555491.29,16543444.26,156.685171,3241.559453,-2032.884676,-0.388189,-0.196325,-0.339967,8496781.248,19373109.91,16566425.17,-524.730059,1984.086344,-2032.743234
04/23/12 07:23:20,18924723.82,10993314.36,15594876.45,-18.16054,3146.557603,-2181.498671,-0.388643,-0.225759,-0.320321,8276472.635,20243031.91,15617873.22,-455.294818,1880.495224,-2181.569657
04/23/12 07:30:50,18877225.58,12385436.87,14581465.03,-192.859904,3038.515564,-2320.983348,-0.387539,-0.254264,-0.299406,8086160.919,21064041.38,14604382.11,-391.557276,1766.812027,-2321.266385
04/23/12 07:38:20,18751276.95,13726088.39,13507444.03,-366.712442,2917.87526,-2450.785304,-0.384881,-0.281734,-0.2773,7923088.975,21831757.96,13530186.25,-334.364634,1643.766221,-2451.279166
04/23/12 07:45:50,18547415.93,15009707.88,12377288.38,-539.021525,2785.125012,-2570.387702,-0.380681,-0.308069,-0.254088,7784134.243,22542147.42,12399761.3,-284.492606,1512.165668,-2571.090316
04/23/12 07:53:20,18266492.73,16230964.17,11195697.04,-709.096552,2640.79794,-2679.311827,-0.374955,-0.333171,-0.229856,7665842.525,23191555.43,11217807.34,-242.638299,1372.889717,-2680.220282
04/23/12 08:00:50,17909666.56,17384775.74,9967575.545,-876.2551,2485.470294,-2777.118581,-0.367723,-0.356945,-0.204693,7564464.831,23776738.08,9989231.415,-209.413771,1226.881693,-2778.22914
04/23/12 08:08:20,17478401.49,18466329.79,8698017.844,-1039.825072,2319.7597,-2863.409898,-0.35901,-0.379303,-0.178692,7475996.97,24294888.8,8719129.327,-185.340311,1075.140859,-2864.718012
04/23/12 08:15:50,16974461.3,19471100.41,7392287.523,-1199.146829,2144.323314,-2937.830096,-0.348847,-0.400157,-0.151949,7396221.532,24743661.74,7412766.894,-170.843498,918.713898,-2939.330418
04/23/12 08:23:20,16399903.42,20394865.94,6055798.454,-1353.575324,1959.855898,-3000.067149,-0.337269,-0.419427,-0.124561,7320751.926,25121191.03,6075560.568,-166.24906,758.685977,-3001.753552
04/23/12 08:30:50,15757071.84,21233725.45,4694094.866,-1502.482215,1767.087782,-3049.853893,-0.324314,-0.437037,-0.096631,7245078.081,25426106.04,4713057.509,-171.779586,596.171473,-3051.719491
04/23/12 08:38:20,15048589.2,21984114.25,3312830.909,-1645.257983,1566.782748,-3086.969148,-0.310027,-0.452913,-0.068261,7164613.439,25657542.43,3330915.13,-187.552112,432.304416,-3089.006322
04/23/12 08:45:50,14277347.73,22642818.49,1917749.718,-1781.314046,1359.735787,-3111.238769,-0.294457,-0.46699,-0.039557,7074742.822,25815148.73,1934880.155,-213.57661,268.228731,-3113.439191
04/23/12 08:53:20,13446499.47,23206988.62,514662.028,-1910.08485,1146.770762,-3122.536607,-0.277657,-0.479206,-0.010627,6970870.786,25899088.64,530767.223,-249.755393,105.08835,-3124.891268
04/23/12 09:00:50,12559445.35,23674151.88,-890575.619,-2031.029972,928.73794,-3120.785373,-0.259686,-0.489505,0.01842,6848470.021,25910038.75,-875562.927,-295.883459,-55.982732,-3123.284616
04/23/12 09:08:20,11619823.48,24042223.6,-2292083.047,-2143.636193,706.511414,-3105.957413,-0.240606,-0.497837,0.047473,6703129.392,25849181.85,-2278225.629,-351.649774,-213.870371,-3108.590967
04/23/12 09:15:50,10631496.36,24309517.29,-3683978.924,-2247.419561,480.986386,-3078.075368,-0.220485,-0.504158,0.07642,6530601.185,25718195.8,-3671334.8,-416.639501,-367.490085,-3080.83238
04/23/12 09:23:20,9598537.361,24474753.52,-5060403.53,-2341.927433,253.076325,-3037.212713,-0.199394,-0.508431,0.105146,6326847.143,25519237.99,-5049025.712,-490.337161,-515.796679,-3040.081792
04/23/12 09:30:50,8525216.074,24537067.48,-6415541.725,-2426.740484,23.709991,-2983.494172,-0.17741,-0.510626,0.133538,6088082.871,25254925.54,-6405477.987,-572.130725,-657.793603,-2986.463429
04/23/12 09:38:20,7415982.94,24496015.16,-7743646.082,-2501.474677,-206.171686,-2917.095995,-0.154613,-0.510718,0.161481,5810820.19,24928311.37,-7734938.741,-661.31661,-792.541954,-2920.153082
04/23/12 09:45:50,6275452.912,24351578.11,-9039060.1,-2565.78319,-435.61886,-2838.246068,-0.131088,-0.508693,0.18886,5491907.045,24542856.34,-9031745.825,-757.105551,-919.169058,-2841.378229
04/23/12 09:53:20,5108388.287,24104166.66,-10296241.45,-2619.358279,-663.67616,-2747.223871,-0.106924,-0.504541,0.215561,5128564.589,24102397.58,-10290351.08,-858.629319,-1036.876533,-2750.417988
04/23/12 10:00:50,3919680.718,23754621.66,-11509785.12,-2661.933073,-889.386222,-2644.360247,-0.082214,-0.498261,0.24147,4718421.045,23611113.35,-11505343.53,-964.948244,-1144.947763,-2647.60289
04/23/12 10:08:20,2714332.43,23304214.53,-12674446.47,-2693.283285,-1111.793349,-2530.036982,-0.057054,-0.489863,0.266474,4259542.029,23073484.71,-12671472.43,-1075.059478,-1242.754714,-2533.314462
04/23/12 10:15:50,1497436.691,22754645.67,-13785164.02,-2713.228823,-1329.947297,-2404.686173,-0.031543,-0.479362,0.290463,3750456.983,22494254.26,-13783670.08,-1187.905959,-1329.764002,-2407.984594
04/23/12 10:23:20,274157.586,22108041.14,-14837081.89,-2721.635283,-1542.907179,-2268.789381,-0.005786,-0.466783,0.313327,3190181.437,21878382.31,-14837074.32,-1302.386002,-1405.542161,-2272.094698
04/23/12 10:30:50,-950290.858,21366947.53,-15825571.82,-2718.415316,-1749.745472,-2122.876543,0.020112,-0.452161,0.334961,2578234.833,21231000.9,-15827050.54,-1417.36343,-1469.760038,-2126.17462
04/23/12 10:38:20,-2170666.125,20534325.07,-16746254.69,-2703.529841,-1949.552118,-1967.524646,0.046042,-0.435539,0.355261,1914653.667,20557366.08,-16749213.26,-1531.678182,-1522.196256,-1970.801312
04/23/12 10:45:50,-3381719.173,19613538.77,-17595021.29,-2676.989095,-2141.438698,-1803.356143,0.071894,-0.41697,0.37413,1199999.786,19862808.75,-17599446.89,-1644.157301,-1562.739705,-1806.597256
04/23/12 10:53:20,-4578216.828,18608347.78,-18368052.43,-2638.85349,-2324.54266,-1631.037099,0.097556,-0.396517,0.391471,435363.659,19152684.73,-18373925.89,-1753.626196,-1591.390993,-1634.228603
04/23/12 11:00:50,-5754964.517,17522892.8,-19061838.04,-2589.234279,-2498.031589,-1451.275071,0.122914,-0.37425,0.407195,-377637.453,18432324.33,-19069133.9,-1858.920093,-1608.262856,-1454.403062
04/23/12 11:08:20,-6906829.259,16361681.5,-19673195.36,-2528.293985,-2661.107474,-1264.816706,0.147853,-0.350251,0.421219,-1236866.512,17706982,-19681881.96,-1958.895551,-1613.579463,-1267.86749
04/23/12 11:15:50,-8028762.783,15129572.15,-20199285.91,-2456.246599,-2813.010966,-1072.445059,0.172259,-0.32461,0.433464,-2139678.884,16981786.56,-20209325.47,-2052.441936,-1607.674632,-1075.405219
04/23/12 11:23:20,-9115824.689,13831755.2,-20637631.24,-2373.357522,-2953.025584,-874.976633,0.196019,-0.297429,0.44386,-3082939.658,16261692.47,-20648980.02,-2138.492741,-1590.988933,-877.833088
04/23/12 11:30:50,-10163205.52,12473733.13,-20986127.24,-2279.94323,-3080.481837,-673.258136,0.219019,-0.268814,0.452343,-4063045.999,15551432.64,-20998735.7,-2216.036626,-1564.065688,-675.998204
04/23/12 11:38:20,-11166249.61,11061298.35,-21243056.95,-2176.370656,-3194.761242,-468.162973,0.241149,-0.238885,0.458859,-5075954.388,14855473.29,-21256869.96,-2284.128055,-1527.545896,-470.774432
04/23/12 11:45:50,-12120477.6,9600509.376,-21407101.77,-2063.056273,-3295.300178,-260.587468,0.262298,-0.207767,0.46336,-6117212.526,14177971.36,-21422058.79,-2341.897419,-1482.162102,-263.058616
04/23/12 11:53:20,-13021608.47,8097665.33,-21477350.83,-1940.464872,-3381.593566,-51.446849,0.282363,-0.175595,0.465809,-7181995.669,13522734.84,-21493386.2,-2388.560525,-1428.73126,-53.766562
04/23/12 12:00:50,-13865580.94,6559278.789,-21453308.6,-1809.108016,-3453.198315,158.329006,0.301239,-0.142509,0.466179,-8265147.055,12893186.62,-21470351.78,-2423.427324,-1368.146651,156.171217
04/23/12 12:08:20,-14648574.12,4992047.17,-21334900.42,-1669.542191,-3509.736512,367.800033,0.318831,-0.108657,0.464453,-9361222.077,12292332.1,-21352876.33,-2445.909782,-1301.36892,365.81397
04/23/12 12:15:50,-15367027.25,3402822.741,-21122476.13,-1522.366623,-3550.898309,576.020626,0.335046,-0.074195,0.460622,-10464535.78,11722731.05,-21141305.41,-2455.528786,-1229.416315,574.21535
04/23/12 12:23:20,-16017658.35,1798581.401,-20816811.4,-1368.220786,-3576.444473,782.044438,0.349796,-0.039282,0.454691,-11569213.23,11186474.01,-20836410.81,-2451.919991,-1153.35423,780.428223
04/23/12 12:30:50,-16597481.78,186390.399,-20419107.02,-1207.781597,-3586.208569,984.929314,0.363003,-0.00408,0.446674,-12669242.26,10685163.56,-20439389.78,-2434.838517,-1074.284148,983.509601
04/23/12 12:38:20,-17103824.32,-1426624.843,-19930985.87,-1041.760317,-3580.098739,1183.742298,0.374594,0.031241,0.436599,-13758528.09,10219900.63,-19951862.04,-2404.162436,-993.332108,1182.525655
04/23/12 12:45:50,-17534339.95,-3033314.602,-19354487.64,-870.899165,-3558.099043,1377.564705,0.384504,0.066513,0.424501,-14830949.13,9791276.139,-19375864.52,-2359.894979,-911.636813,1376.55679
04/23/12 12:53:20,-17887022.9,-4626539.245,-18692061.25,-695.96766,-3520.27035,1565.497197,0.392676,0.101564,0.41043,-15880413.63,9399368.023,-18713843.83,-2302.165429,-830.337517,1564.702726
04/23/12 13:00:50,-18160219.13,-6199203.894,-17946555.04,-517.758732,-3466.750742,1746.664824,0.399063,0.136222,0.394446,-16900916.32,9043743.7,-17968646.38,-2231.228656,-750.561831,1746.087543
04/23/12 13:08:20,-18352635.91,-7744293.174,-17121204.65,-337.084611,-3397.755424,1920.221991,0.403627,0.170316,0.376619,-17886594.54,8723468.067,-17143506.37,-2147.463303,-673.413577,1919.864657
04/23/12 13:15:50,-18463349.53,-9254905.802,-16219618.72,-154.772523,-3313.576126,2085.357307,0.406339,0.203678,0.35703,-18831783.32,8437116.899,-16242031.4,-2051.368616,-599.960849,2085.221665
04/23/12 13:23:20,-18491811.12,-10724288.79,-15245762.44,28.339755,-3214.579989,2241.298263,0.407181,0.236141,0.335771,-19731068.65,8182795.551,-15268186.13,-1943.559939,-531.22441,2241.38504
